{
    "train": {
        "loss": 1.4319355487823486,
        "acc": 0.5942
    },
    "test": {
        "loss": 1.4216244220733643,
        "acc": 0.5973
    },
    "step": 9
}