{
    "train": {
        "loss": 1.5979682207107544,
        "acc": 0.7193666666666667
    },
    "test": {
        "loss": 1.5860891342163086,
        "acc": 0.73
    },
    "step": 13
}