{
    "train": {
        "loss": 1.5873299837112427,
        "acc": 0.5703166666666667
    },
    "test": {
        "loss": 1.5768121480941772,
        "acc": 0.5699
    },
    "step": 14
}