{
    "train": {
        "loss": 1.685926079750061,
        "acc": 0.5437333333333333
    },
    "test": {
        "loss": 1.680606484413147,
        "acc": 0.5457
    },
    "step": 4
}