{
    "train": {
        "loss": 0.6675913333892822,
        "acc": 0.7924666666666667
    },
    "test": {
        "loss": 0.6619074940681458,
        "acc": 0.7895
    },
    "step": 13
}