{
    "train": {
        "loss": 1.0053496360778809,
        "acc": 0.6462833333333333
    },
    "test": {
        "loss": 0.9921512007713318,
        "acc": 0.6455
    },
    "step": 14
}