{
    "train": {
        "loss": 1.633312463760376,
        "acc": 0.5944
    },
    "test": {
        "loss": 1.626491665840149,
        "acc": 0.6021
    },
    "step": 6
}