{
    "train": {
        "loss": 1.0427576303482056,
        "acc": 0.6996833333333333
    },
    "test": {
        "loss": 1.0395262241363525,
        "acc": 0.6934
    },
    "step": 13
}