{
    "train": {
        "loss": 0.7734370827674866,
        "acc": 0.7685333333333333
    },
    "test": {
        "loss": 0.7617315649986267,
        "acc": 0.7718
    },
    "step": 8
}