{
    "train": {
        "loss": 2.265629529953003,
        "acc": 0.26911666666666667
    },
    "test": {
        "loss": 2.264845848083496,
        "acc": 0.2701
    },
    "step": 0
}