{
    "train": {
        "loss": 2.155792713165283,
        "acc": 0.38348333333333334
    },
    "test": {
        "loss": 2.1532936096191406,
        "acc": 0.3916
    },
    "step": 3
}