{
    "train": {
        "loss": 2.1146411895751953,
        "acc": 0.4358
    },
    "test": {
        "loss": 2.110874891281128,
        "acc": 0.4387
    },
    "step": 9
}