{
    "train": {
        "loss": 1.109438180923462,
        "acc": 0.698
    },
    "test": {
        "loss": 1.0972293615341187,
        "acc": 0.7003
    },
    "step": 14
}