{
    "train": {
        "loss": 2.0902888774871826,
        "acc": 0.12403333333333333
    },
    "test": {
        "loss": 2.0927882194519043,
        "acc": 0.1216
    },
    "step": 4
}