{
    "train": {
        "loss": 2.1190857887268066,
        "acc": 0.30345
    },
    "test": {
        "loss": 2.1149539947509766,
        "acc": 0.3054
    },
    "step": 3
}