{
    "train": {
        "loss": 1.0864337682724,
        "acc": 0.6315166666666666
    },
    "test": {
        "loss": 1.0752339363098145,
        "acc": 0.6322
    },
    "step": 12
}