{
    "train": {
        "loss": 1.1409895420074463,
        "acc": 0.6649166666666667
    },
    "test": {
        "loss": 1.134602427482605,
        "acc": 0.6595
    },
    "step": 11
}