{
    "train": {
        "loss": 0.7346483469009399,
        "acc": 0.7786333333333333
    },
    "test": {
        "loss": 0.726895809173584,
        "acc": 0.7777
    },
    "step": 9
}