{
    "train": {
        "loss": 2.274735450744629,
        "acc": 0.25803333333333334
    },
    "test": {
        "loss": 2.2740888595581055,
        "acc": 0.2596
    },
    "step": 1
}