{
    "train": {
        "loss": 2.2071311473846436,
        "acc": 0.23958333333333334
    },
    "test": {
        "loss": 2.205608606338501,
        "acc": 0.2401
    },
    "step": 0
}