{
    "train": {
        "loss": 1.4536789655685425,
        "acc": 0.54585
    },
    "test": {
        "loss": 1.448319673538208,
        "acc": 0.5489
    },
    "step": 8
}