{
    "train": {
        "loss": 2.2758755683898926,
        "acc": 0.23593333333333333
    },
    "test": {
        "loss": 2.2753021717071533,
        "acc": 0.2398
    },
    "step": 0
}