{
    "train": {
        "loss": 5.0156779289245605,
        "acc": 0.1552
    },
    "test": {
        "loss": 5.068376064300537,
        "acc": 0.1499
    },
    "step": 29
}