{
    "train": {
        "loss": 1.92343008518219,
        "acc": 0.60325
    },
    "test": {
        "loss": 1.9174388647079468,
        "acc": 0.6089
    },
    "step": 7
}