{
    "train": {
        "loss": 1.8717665672302246,
        "acc": 0.41751666666666665
    },
    "test": {
        "loss": 1.8669730424880981,
        "acc": 0.4218
    },
    "step": 8
}