{
    "train": {
        "loss": 2.2480974197387695,
        "acc": 0.27846666666666664
    },
    "test": {
        "loss": 2.246915817260742,
        "acc": 0.2823
    },
    "step": 1
}