{
    "train": {
        "loss": 1.733857274055481,
        "acc": 0.6885
    },
    "test": {
        "loss": 1.7239742279052734,
        "acc": 0.6952
    },
    "step": 11
}