{
    "train": {
        "loss": 2.245837688446045,
        "acc": 0.29885
    },
    "test": {
        "loss": 2.2445452213287354,
        "acc": 0.3023
    },
    "step": 3
}