{
    "train": {
        "loss": 1.5862932205200195,
        "acc": 0.6384
    },
    "test": {
        "loss": 1.5729011297225952,
        "acc": 0.6416
    },
    "step": 5
}