{
    "train": {
        "loss": 1.8154387474060059,
        "acc": 0.33418333333333333
    },
    "test": {
        "loss": 1.8107610940933228,
        "acc": 0.3309
    },
    "step": 10
}