{
    "train": {
        "loss": 2.011812925338745,
        "acc": 0.4094333333333333
    },
    "test": {
        "loss": 2.0054447650909424,
        "acc": 0.4176
    },
    "step": 5
}