{
    "train": {
        "loss": 1.8759485483169556,
        "acc": 0.26885
    },
    "test": {
        "loss": 1.8728679418563843,
        "acc": 0.2702
    },
    "step": 8
}