{
    "train": {
        "loss": 1.2834300994873047,
        "acc": 0.7272
    },
    "test": {
        "loss": 1.2731753587722778,
        "acc": 0.7325
    },
    "step": 8
}