{
    "train": {
        "loss": 1.4288557767868042,
        "acc": 0.6833166666666667
    },
    "test": {
        "loss": 1.4172104597091675,
        "acc": 0.6841
    },
    "step": 7
}