{
    "train": {
        "loss": 2.0893404483795166,
        "acc": 0.42955
    },
    "test": {
        "loss": 2.085477828979492,
        "acc": 0.4345
    },
    "step": 5
}