{
    "train": {
        "loss": 1.8554021120071411,
        "acc": 0.6410166666666667
    },
    "test": {
        "loss": 1.848358154296875,
        "acc": 0.6504
    },
    "step": 8
}