{
    "train": {
        "loss": 1.820528507232666,
        "acc": 0.49628333333333335
    },
    "test": {
        "loss": 1.8114925622940063,
        "acc": 0.5054
    },
    "step": 9
}