{
    "train": {
        "loss": 3.629420757293701,
        "acc": 0.22541666666666665
    },
    "test": {
        "loss": 3.699119806289673,
        "acc": 0.2229
    },
    "step": 26
}