{
    "train": {
        "loss": 2.229105234146118,
        "acc": 0.31071666666666664
    },
    "test": {
        "loss": 2.227479934692383,
        "acc": 0.3128
    },
    "step": 4
}