{
    "train": {
        "loss": 1.987606406211853,
        "acc": 0.5765166666666667
    },
    "test": {
        "loss": 1.9815303087234497,
        "acc": 0.5832
    },
    "step": 13
}