{
    "train": {
        "loss": 1.7705484628677368,
        "acc": 0.4765
    },
    "test": {
        "loss": 1.764560341835022,
        "acc": 0.4835
    },
    "step": 10
}