{
    "train": {
        "loss": 2.1420083045959473,
        "acc": 0.39643333333333336
    },
    "test": {
        "loss": 2.1387290954589844,
        "acc": 0.4046
    },
    "step": 8
}