{
    "train": {
        "loss": 1.904740810394287,
        "acc": 0.5982833333333333
    },
    "test": {
        "loss": 1.8967373371124268,
        "acc": 0.605
    },
    "step": 3
}