{
    "train": {
        "loss": 2.1208672523498535,
        "acc": 0.32413333333333333
    },
    "test": {
        "loss": 2.118396520614624,
        "acc": 0.327
    },
    "step": 2
}