{
    "train": {
        "loss": 2.75276255607605,
        "acc": 0.09035
    },
    "test": {
        "loss": 2.7755725383758545,
        "acc": 0.0892
    },
    "step": 18
}