{
    "train": {
        "loss": 4.11309289932251,
        "acc": 0.20861666666666667
    },
    "test": {
        "loss": 4.074672222137451,
        "acc": 0.2106
    },
    "step": 19
}