{
    "train": {
        "loss": 5.002874374389648,
        "acc": 0.11236666666666667
    },
    "test": {
        "loss": 4.926901340484619,
        "acc": 0.1135
    },
    "step": 17
}