{
    "train": {
        "loss": 1.2133660316467285,
        "acc": 0.6131833333333333
    },
    "test": {
        "loss": 1.2007811069488525,
        "acc": 0.6134
    },
    "step": 12
}