{
    "train": {
        "loss": 2.14077091217041,
        "acc": 0.3501666666666667
    },
    "test": {
        "loss": 2.13745379447937,
        "acc": 0.3573
    },
    "step": 1
}