{
    "train": {
        "loss": 2.16684889793396,
        "acc": 0.3741833333333333
    },
    "test": {
        "loss": 2.1640784740448,
        "acc": 0.3804
    },
    "step": 7
}