{
    "train": {
        "loss": 0.8074950575828552,
        "acc": 0.7611
    },
    "test": {
        "loss": 0.7949721813201904,
        "acc": 0.765
    },
    "step": 6
}