{
    "train": {
        "loss": 2.0216283798217773,
        "acc": 0.4182
    },
    "test": {
        "loss": 2.0174663066864014,
        "acc": 0.4158
    },
    "step": 2
}