{
    "train": {
        "loss": 1.7123727798461914,
        "acc": 0.69415
    },
    "test": {
        "loss": 1.7033843994140625,
        "acc": 0.703
    },
    "step": 10
}