{
    "train": {
        "loss": 6.647294998168945,
        "acc": 0.12921666666666667
    },
    "test": {
        "loss": 6.695011615753174,
        "acc": 0.1354
    },
    "step": 28
}