{
    "train": {
        "loss": 1.7478389739990234,
        "acc": 0.36056666666666665
    },
    "test": {
        "loss": 1.7406800985336304,
        "acc": 0.3602
    },
    "step": 12
}