{
    "train": {
        "loss": 5.129104137420654,
        "acc": 0.10533333333333333
    },
    "test": {
        "loss": 5.158611297607422,
        "acc": 0.1069
    },
    "step": 16
}