{
    "train": {
        "loss": 1.455970287322998,
        "acc": 0.6632
    },
    "test": {
        "loss": 1.446961760520935,
        "acc": 0.6688
    },
    "step": 8
}