{
    "train": {
        "loss": 1.2813804149627686,
        "acc": 0.6918333333333333
    },
    "test": {
        "loss": 1.2656738758087158,
        "acc": 0.6979
    },
    "step": 11
}