{
    "train": {
        "loss": 1.9696900844573975,
        "acc": 0.3739
    },
    "test": {
        "loss": 1.9656455516815186,
        "acc": 0.3807
    },
    "step": 6
}