{
    "train": {
        "loss": 1.6164716482162476,
        "acc": 0.51055
    },
    "test": {
        "loss": 1.60429048538208,
        "acc": 0.5061
    },
    "step": 7
}