{
    "train": {
        "loss": 1.178001046180725,
        "acc": 0.6555
    },
    "test": {
        "loss": 1.160866618156433,
        "acc": 0.6572
    },
    "step": 14
}