{
    "train": {
        "loss": 1.8315331935882568,
        "acc": 0.6532333333333333
    },
    "test": {
        "loss": 1.8214203119277954,
        "acc": 0.659
    },
    "step": 9
}