{
    "train": {
        "loss": 1.4765872955322266,
        "acc": 0.6644
    },
    "test": {
        "loss": 1.4684970378875732,
        "acc": 0.6689
    },
    "step": 6
}