{
    "train": {
        "loss": 0.8108879923820496,
        "acc": 0.7811833333333333
    },
    "test": {
        "loss": 0.8026081323623657,
        "acc": 0.7782
    },
    "step": 5
}