{
    "train": {
        "loss": 1.89295494556427,
        "acc": 0.43443333333333334
    },
    "test": {
        "loss": 1.8889459371566772,
        "acc": 0.438
    },
    "step": 2
}