{
    "train": {
        "loss": 1.0435174703598022,
        "acc": 0.7097833333333333
    },
    "test": {
        "loss": 1.0361731052398682,
        "acc": 0.7105
    },
    "step": 13
}