{
    "train": {
        "loss": 0.9636789560317993,
        "acc": 0.7321666666666666
    },
    "test": {
        "loss": 0.9555906057357788,
        "acc": 0.733
    },
    "step": 0
}