{
    "train": {
        "loss": 1.0494229793548584,
        "acc": 0.76165
    },
    "test": {
        "loss": 1.0356404781341553,
        "acc": 0.7712
    },
    "step": 12
}