{
    "train": {
        "loss": 1.2871785163879395,
        "acc": 0.6209833333333333
    },
    "test": {
        "loss": 1.2845877408981323,
        "acc": 0.6199
    },
    "step": 13
}