{
    "train": {
        "loss": 2.055415153503418,
        "acc": 0.35186666666666666
    },
    "test": {
        "loss": 2.050281524658203,
        "acc": 0.356
    },
    "step": 1
}