{
    "train": {
        "loss": 1.8041764497756958,
        "acc": 0.6582666666666667
    },
    "test": {
        "loss": 1.7964457273483276,
        "acc": 0.6678
    },
    "step": 3
}