{
    "train": {
        "loss": 1.1327824592590332,
        "acc": 0.6868166666666666
    },
    "test": {
        "loss": 1.1244450807571411,
        "acc": 0.691
    },
    "step": 11
}