{
    "train": {
        "loss": 0.9682629108428955,
        "acc": 0.7711666666666667
    },
    "test": {
        "loss": 0.9549849629402161,
        "acc": 0.7757
    },
    "step": 14
}
