{
    "train": {
        "loss": 0.7759440541267395,
        "acc": 0.7729333333333334
    },
    "test": {
        "loss": 0.768772542476654,
        "acc": 0.7699
    },
    "step": 7
}