{
    "train": {
        "loss": 1.4109290838241577,
        "acc": 0.7512666666666666
    },
    "test": {
        "loss": 1.3979357481002808,
        "acc": 0.7607
    },
    "step": 14
}