{
    "train": {
        "loss": 1.9880584478378296,
        "acc": 0.5474333333333333
    },
    "test": {
        "loss": 1.9830000400543213,
        "acc": 0.5542
    },
    "step": 6
}