{
    "train": {
        "loss": 1.983735203742981,
        "acc": 0.20273333333333332
    },
    "test": {
        "loss": 1.982711911201477,
        "acc": 0.2017
    },
    "step": 6
}