{
    "train": {
        "loss": 0.8464502096176147,
        "acc": 0.75965
    },
    "test": {
        "loss": 0.8364604711532593,
        "acc": 0.764
    },
    "step": 4
}