{
    "train": {
        "loss": 2.0858800411224365,
        "acc": 0.47486666666666666
    },
    "test": {
        "loss": 2.0814526081085205,
        "acc": 0.4821
    },
    "step": 10
}