{
    "train": {
        "loss": 1.983801007270813,
        "acc": 0.541
    },
    "test": {
        "loss": 1.9781585931777954,
        "acc": 0.5475
    },
    "step": 7
}