{
    "train": {
        "loss": 1.6247392892837524,
        "acc": 0.6674
    },
    "test": {
        "loss": 1.6141533851623535,
        "acc": 0.6654
    },
    "step": 5
}