{
    "train": {
        "loss": 1.1871095895767212,
        "acc": 0.6183166666666666
    },
    "test": {
        "loss": 1.1794250011444092,
        "acc": 0.6216
    },
    "step": 10
}