{
    "train": {
        "loss": 0.6985851526260376,
        "acc": 0.7868333333333334
    },
    "test": {
        "loss": 0.6917535662651062,
        "acc": 0.784
    },
    "step": 11
}