{
    "train": {
        "loss": 2.2354886531829834,
        "acc": 0.2600166666666667
    },
    "test": {
        "loss": 2.2342870235443115,
        "acc": 0.2629
    },
    "step": 0
}