{
    "train": {
        "loss": 2.2397844791412354,
        "acc": 0.2856666666666667
    },
    "test": {
        "loss": 2.2385926246643066,
        "acc": 0.2887
    },
    "step": 1
}