{
    "train": {
        "loss": 3.7388648986816406,
        "acc": 0.17686666666666667
    },
    "test": {
        "loss": 3.787153482437134,
        "acc": 0.1743
    },
    "step": 24
}