{
    "train": {
        "loss": 1.139343023300171,
        "acc": 0.7435333333333334
    },
    "test": {
        "loss": 1.1267459392547607,
        "acc": 0.7514
    },
    "step": 10
}