{
    "train": {
        "loss": 1.7445608377456665,
        "acc": 0.5893166666666667
    },
    "test": {
        "loss": 1.7312076091766357,
        "acc": 0.5956
    },
    "step": 5
}