{
    "train": {
        "loss": 2.250485897064209,
        "acc": 0.2860666666666667
    },
    "test": {
        "loss": 2.2494616508483887,
        "acc": 0.2878
    },
    "step": 0
}