{
    "train": {
        "loss": 2.226834535598755,
        "acc": 0.3055333333333333
    },
    "test": {
        "loss": 2.225141763687134,
        "acc": 0.309
    },
    "step": 1
}