{
    "train": {
        "loss": 0.8970800638198853,
        "acc": 0.7499333333333333
    },
    "test": {
        "loss": 0.8887225389480591,
        "acc": 0.7527
    },
    "step": 2
}