{
    "train": {
        "loss": 2.1754705905914307,
        "acc": 0.37351666666666666
    },
    "test": {
        "loss": 2.173095464706421,
        "acc": 0.3745
    },
    "step": 2
}