{
    "train": {
        "loss": 2.038388252258301,
        "acc": 0.48401666666666665
    },
    "test": {
        "loss": 2.0336594581604004,
        "acc": 0.4901
    },
    "step": 6
}