{
    "train": {
        "loss": 1.6982299089431763,
        "acc": 0.45386666666666664
    },
    "test": {
        "loss": 1.6938890218734741,
        "acc": 0.461
    },
    "step": 13
}