{
    "train": {
        "loss": 1.4867511987686157,
        "acc": 0.73865
    },
    "test": {
        "loss": 1.474748969078064,
        "acc": 0.7491
    },
    "step": 13
}