{
    "train": {
        "loss": 1.925586223602295,
        "acc": 0.5947666666666667
    },
    "test": {
        "loss": 1.9189043045043945,
        "acc": 0.6042
    },
    "step": 8
}