{
    "train": {
        "loss": 1.9990469217300415,
        "acc": 0.5242833333333333
    },
    "test": {
        "loss": 1.990404725074768,
        "acc": 0.531
    },
    "step": 5
}