{
    "train": {
        "loss": 2.0223517417907715,
        "acc": 0.5580833333333334
    },
    "test": {
        "loss": 2.016618251800537,
        "acc": 0.5681
    },
    "step": 12
}