{
    "train": {
        "loss": 2.104285717010498,
        "acc": 0.40696666666666664
    },
    "test": {
        "loss": 2.1009581089019775,
        "acc": 0.4104
    },
    "step": 1
}