{
    "train": {
        "loss": 1.745136022567749,
        "acc": 0.6562833333333333
    },
    "test": {
        "loss": 1.7338138818740845,
        "acc": 0.6536
    },
    "step": 5
}