{
    "train": {
        "loss": 2.2158021926879883,
        "acc": 0.30811666666666665
    },
    "test": {
        "loss": 2.2140541076660156,
        "acc": 0.3132
    },
    "step": 2
}