{
    "train": {
        "loss": 1.9209541082382202,
        "acc": 0.6138333333333333
    },
    "test": {
        "loss": 1.9129029512405396,
        "acc": 0.6197
    },
    "step": 7
}