{
    "train": {
        "loss": 1.2139571905136108,
        "acc": 0.6706166666666666
    },
    "test": {
        "loss": 1.2030776739120483,
        "acc": 0.6748
    },
    "step": 12
}