{
    "train": {
        "loss": 1.3393073081970215,
        "acc": 0.62605
    },
    "test": {
        "loss": 1.3360121250152588,
        "acc": 0.6305
    },
    "step": 6
}