{
    "train": {
        "loss": 1.649724006652832,
        "acc": 0.62485
    },
    "test": {
        "loss": 1.6383615732192993,
        "acc": 0.6302
    },
    "step": 13
}