{
    "train": {
        "loss": 1.3096145391464233,
        "acc": 0.6258333333333334
    },
    "test": {
        "loss": 1.3016445636749268,
        "acc": 0.6294
    },
    "step": 11
}