{
    "train": {
        "loss": 1.3007488250732422,
        "acc": 0.6864166666666667
    },
    "test": {
        "loss": 1.2904702425003052,
        "acc": 0.6918
    },
    "step": 10
}