{
    "train": {
        "loss": 1.7398618459701538,
        "acc": 0.6447666666666667
    },
    "test": {
        "loss": 1.7286392450332642,
        "acc": 0.6509
    },
    "step": 11
}