{
    "train": {
        "loss": 2.5485737323760986,
        "acc": 0.24583333333333332
    },
    "test": {
        "loss": 2.4903078079223633,
        "acc": 0.246
    },
    "step": 23
}