{
    "train": {
        "loss": 1.9559804201126099,
        "acc": 0.4991833333333333
    },
    "test": {
        "loss": 1.951770544052124,
        "acc": 0.5052
    },
    "step": 2
}