{
    "train": {
        "loss": 2.574021339416504,
        "acc": 0.18106666666666665
    },
    "test": {
        "loss": 2.538027763366699,
        "acc": 0.1832
    },
    "step": 25
}