{
    "train": {
        "loss": 1.8641382455825806,
        "acc": 0.6351833333333333
    },
    "test": {
        "loss": 1.8564060926437378,
        "acc": 0.6453
    },
    "step": 9
}