{
    "train": {
        "loss": 2.178439140319824,
        "acc": 0.34845
    },
    "test": {
        "loss": 2.176027536392212,
        "acc": 0.3529
    },
    "step": 3
}