{
    "train": {
        "loss": 1.6663836240768433,
        "acc": 0.7043833333333334
    },
    "test": {
        "loss": 1.6553810834884644,
        "acc": 0.713
    },
    "step": 12
}