{
    "train": {
        "loss": 1.753530502319336,
        "acc": 0.3903333333333333
    },
    "test": {
        "loss": 1.7513624429702759,
        "acc": 0.3923
    },
    "step": 4
}