{
    "train": {
        "loss": 2.2239797115325928,
        "acc": 0.2707333333333333
    },
    "test": {
        "loss": 2.222823143005371,
        "acc": 0.2712
    },
    "step": 0
}