{
    "train": {
        "loss": 3.037689685821533,
        "acc": 0.11466666666666667
    },
    "test": {
        "loss": 3.0717766284942627,
        "acc": 0.1146
    },
    "step": 20
}