{
    "train": {
        "loss": 2.064917802810669,
        "acc": 0.44176666666666664
    },
    "test": {
        "loss": 2.061504602432251,
        "acc": 0.4458
    },
    "step": 4
}