{
    "train": {
        "loss": 1.5628312826156616,
        "acc": 0.72405
    },
    "test": {
        "loss": 1.5517942905426025,
        "acc": 0.7348
    },
    "step": 12
}