{
    "train": {
        "loss": 1.259346604347229,
        "acc": 0.68985
    },
    "test": {
        "loss": 1.2477102279663086,
        "acc": 0.6935
    },
    "step": 9
}