{
    "train": {
        "loss": 1.664315104484558,
        "acc": 0.55425
    },
    "test": {
        "loss": 1.6560695171356201,
        "acc": 0.566
    },
    "step": 12
}