{
    "train": {
        "loss": 2.26098895072937,
        "acc": 0.28518333333333334
    },
    "test": {
        "loss": 2.2600040435791016,
        "acc": 0.2856
    },
    "step": 2
}