{
    "train": {
        "loss": 2.2009472846984863,
        "acc": 0.33031666666666665
    },
    "test": {
        "loss": 2.1991584300994873,
        "acc": 0.3347
    },
    "step": 2
}