{
    "train": {
        "loss": 1.3293671607971191,
        "acc": 0.5968666666666667
    },
    "test": {
        "loss": 1.3268883228302002,
        "acc": 0.5969
    },
    "step": 8
}