{
    "train": {
        "loss": 2.1896398067474365,
        "acc": 0.34755
    },
    "test": {
        "loss": 2.187256336212158,
        "acc": 0.3512
    },
    "step": 6
}