{
    "train": {
        "loss": 1.577433705329895,
        "acc": 0.5177333333333334
    },
    "test": {
        "loss": 1.5746091604232788,
        "acc": 0.5185
    },
    "step": 4
}