{
    "train": {
        "loss": 1.7848836183547974,
        "acc": 0.6721166666666667
    },
    "test": {
        "loss": 1.77689528465271,
        "acc": 0.6818
    },
    "step": 9
}