{
    "train": {
        "loss": 1.4363569021224976,
        "acc": 0.6054
    },
    "test": {
        "loss": 1.4221233129501343,
        "acc": 0.6041
    },
    "step": 7
}