{
    "train": {
        "loss": 0.7358198165893555,
        "acc": 0.77625
    },
    "test": {
        "loss": 0.7247558832168579,
        "acc": 0.7811
    },
    "step": 10
}