{
    "train": {
        "loss": 1.906135082244873,
        "acc": 0.5507666666666666
    },
    "test": {
        "loss": 1.8964544534683228,
        "acc": 0.5583
    },
    "step": 7
}