{
    "train": {
        "loss": 1.8136100769042969,
        "acc": 0.5457
    },
    "test": {
        "loss": 1.8024770021438599,
        "acc": 0.5496
    },
    "step": 3
}