{
    "train": {
        "loss": 1.6641777753829956,
        "acc": 0.4455
    },
    "test": {
        "loss": 1.6546419858932495,
        "acc": 0.442
    },
    "step": 14
}