{
    "train": {
        "loss": 2.272517681121826,
        "acc": 0.24493333333333334
    },
    "test": {
        "loss": 2.27194881439209,
        "acc": 0.246
    },
    "step": 0
}