{
    "train": {
        "loss": 1.7991149425506592,
        "acc": 0.4801166666666667
    },
    "test": {
        "loss": 1.7949228286743164,
        "acc": 0.4813
    },
    "step": 2
}