{
    "train": {
        "loss": 2.2397031784057617,
        "acc": 0.27413333333333334
    },
    "test": {
        "loss": 2.2273428440093994,
        "acc": 0.2768
    },
    "step": 27
}