{
    "train": {
        "loss": 2.136185646057129,
        "acc": 0.38988333333333336
    },
    "test": {
        "loss": 2.1330838203430176,
        "acc": 0.3959
    },
    "step": 4
}