{
    "train": {
        "loss": 1.5714846849441528,
        "acc": 0.6903
    },
    "test": {
        "loss": 1.5589841604232788,
        "acc": 0.6932
    },
    "step": 7
}