{
    "train": {
        "loss": 323.44842529296875,
        "acc": 0.10218333333333333
    },
    "test": {
        "loss": 327.75439453125,
        "acc": 0.101
    },
    "step": 15
}