{
    "train": {
        "loss": 2.044227361679077,
        "acc": 0.3500666666666667
    },
    "test": {
        "loss": 2.036775588989258,
        "acc": 0.3559
    },
    "step": 3
}