{
    "train": {
        "loss": 1.5922305583953857,
        "acc": 0.4485
    },
    "test": {
        "loss": 1.589647650718689,
        "acc": 0.4511
    },
    "step": 6
}