{
    "train": {
        "loss": 2.104837417602539,
        "acc": 0.43415
    },
    "test": {
        "loss": 2.101483106613159,
        "acc": 0.4402
    },
    "step": 4
}