{
    "train": {
        "loss": 1.8000208139419556,
        "acc": 0.6648833333333334
    },
    "test": {
        "loss": 1.7911330461502075,
        "acc": 0.6722
    },
    "step": 10
}