{
    "train": {
        "loss": 2.0486643314361572,
        "acc": 0.48818333333333336
    },
    "test": {
        "loss": 2.044468879699707,
        "acc": 0.4942
    },
    "step": 5
}