{
    "train": {
        "loss": 2.2879183292388916,
        "acc": 0.20421666666666666
    },
    "test": {
        "loss": 2.2876222133636475,
        "acc": 0.2041
    },
    "step": 0
}