{
    "train": {
        "loss": 2.1910388469696045,
        "acc": 0.26571666666666666
    },
    "test": {
        "loss": 2.1885364055633545,
        "acc": 0.27
    },
    "step": 1
}