{
    "train": {
        "loss": 1.95248544216156,
        "acc": 0.62005
    },
    "test": {
        "loss": 1.9453535079956055,
        "acc": 0.6278
    },
    "step": 14
}