{
    "train": {
        "loss": 1.3082184791564941,
        "acc": 0.57575
    },
    "test": {
        "loss": 1.3003851175308228,
        "acc": 0.5759
    },
    "step": 10
}