{
    "train": {
        "loss": 3.7931675910949707,
        "acc": 0.1677
    },
    "test": {
        "loss": 3.709404706954956,
        "acc": 0.1669
    },
    "step": 21
}