{
    "train": {
        "loss": 1.6382324695587158,
        "acc": 0.71175
    },
    "test": {
        "loss": 1.62825345993042,
        "acc": 0.7225
    },
    "step": 11
}