{
    "train": {
        "loss": 2.210475206375122,
        "acc": 0.32348333333333334
    },
    "test": {
        "loss": 2.2084944248199463,
        "acc": 0.3278
    },
    "step": 5
}