{
    "train": {
        "loss": 1.7930395603179932,
        "acc": 0.45745
    },
    "test": {
        "loss": 1.7878886461257935,
        "acc": 0.4606
    },
    "step": 11
}