{
    "train": {
        "loss": 2.1866226196289062,
        "acc": 0.2688833333333333
    },
    "test": {
        "loss": 2.1850345134735107,
        "acc": 0.2708
    },
    "step": 0
}