{
    "train": {
        "loss": 1.4031867980957031,
        "acc": 0.6970666666666666
    },
    "test": {
        "loss": 1.3887653350830078,
        "acc": 0.7024
    },
    "step": 9
}