{
    "train": {
        "loss": 4.955421447753906,
        "acc": 0.0911
    },
    "test": {
        "loss": 5.022485733032227,
        "acc": 0.0896
    },
    "step": 22
}