{
    "train": {
        "loss": 1.2719671726226807,
        "acc": 0.6301
    },
    "test": {
        "loss": 1.2637102603912354,
        "acc": 0.6306
    },
    "step": 9
}