{
    "train": {
        "loss": 2.054795026779175,
        "acc": 0.5131333333333333
    },
    "test": {
        "loss": 2.049957036972046,
        "acc": 0.5152
    },
    "step": 11
}