{
    "train": {
        "loss": 1.8046895265579224,
        "acc": 0.48985
    },
    "test": {
        "loss": 1.8001724481582642,
        "acc": 0.4955
    },
    "step": 4
}