{
    "train": {
        "loss": 0.7036339640617371,
        "acc": 0.7810666666666667
    },
    "test": {
        "loss": 0.6923478245735168,
        "acc": 0.7862
    },
    "step": 12
}