{
    "train": {
        "loss": 1.5291686058044434,
        "acc": 0.7316
    },
    "test": {
        "loss": 1.5161751508712769,
        "acc": 0.741
    },
    "step": 14
}