{
    "train": {
        "loss": 1.9252095222473145,
        "acc": 0.5067
    },
    "test": {
        "loss": 1.9137425422668457,
        "acc": 0.5103
    },
    "step": 3
}