{
    "train": {
        "loss": 1.987760305404663,
        "acc": 0.45163333333333333
    },
    "test": {
        "loss": 1.9828563928604126,
        "acc": 0.4534
    },
    "step": 1
}