{
    "train": {
        "loss": 1.1777273416519165,
        "acc": 0.7214833333333334
    },
    "test": {
        "loss": 1.162473440170288,
        "acc": 0.7251
    },
    "step": 13
}